{
	"class_name" : "PinholeCameraParameters",
	"extrinsic" : 
	[
		0.003900231645217616,
		-0.6185425233766888,
		0.78574164645124422,
		0.0,
		-0.99962980950998093,
		0.018745929245567346,
		0.019718876128209894,
		0.0,
		-0.026926420708165914,
		-0.78552768055079936,
		-0.61824043135039974,
		0.0,
		-5.0158406333733581,
		0.26229466909594024,
		59.724320331169224,
		1.0
	],
	"intrinsic" : 
	{
		"height" : 1500,
		"intrinsic_matrix" : 
		[
			1299.038105676658,
			0.0,
			0.0,
			0.0,
			1299.038105676658,
			0.0,
			999.5,
			749.5,
			1.0
		],
		"width" : 2000
	},
	"version_major" : 1,
	"version_minor" : 0
}